도서관 명칭,지역,부여된 뱃지 리스트,판단 근거 요약
구로꿈나무도서관,서울 구로구,"#신발벗는 온돌·마루방, #영유아 전용 자료실 분리, #소곤소곤 대화 가능, #주말 독서·체험 프로그램",유아열람실이 온돌·마루 형태의 영유아 친화적 공간으로 조성되어 있으며 일반 공간과 분리됨. 조근조근 책을 읽어주는 소곤소곤 대화가 허용되며 다양한 독서·체험 프로그램 운영.
글마루한옥어린이도서관,서울 구로구,"#신발벗는 온돌·마루방, #영유아 전용 자료실 분리, #소곤소곤 대화 가능, #주말 독서·체험 프로그램",한옥 구조로 신발을 벗고 들어가는 온돌 마루방이 조성되어 있으며 영유아 전용 공간 및 프로그램 운영. (주차 및 특화시설 정보 제한적)
노원어린이도서관,서울 노원구,"#영유아 전용 자료실 분리, #소곤소곤 대화 가능, #주말 독서·체험 프로그램","어린이 및 영유아 자료실이 분리되어 있고 유아동반 대화 가능 구역 운영, 주말 독서문화 프로그램 풍부."
못골한옥어린이도서관,서울 강남구,"#신발벗는 온돌·마루방, #영유아 전용 자료실 분리, #소곤소곤 대화 가능, #주말 독서·체험 프로그램",전통 한옥 구조로 안채와 사랑채 등에 온돌방 마루가 있어 신발을 벗고 편하게 독서 가능. 영유아 공간 및 한옥 특화 체험 프로그램 운영.
길꽃어린이도서관,서울 강동구,"#영유아 전용 자료실 분리, #소곤소곤 대화 가능, #주말 독서·체험 프로그램","어린이 및 유아 전용 열람 공간이 별도로 마련되어 있으며 아이와 함께 책을 읽는 소곤소곤 대화 허용, 주말 독서 프로그램 진행."
국립어린이청소년도서관,서울 강남구,"#영유아 전용 자료실 분리, #주말 독서·체험 프로그램, #주차 편리 (또는 주차 가능)","이야기나라(어린이·유아 자료실) 분리 운영, 다양한 국가 수준 주말 독서·체험 프로그램 제공, 자체 주차장 보유."
송파어린이도서관,서울 송파구,"#신발벗는 온돌·마루방, #영유아 전용 자료실 분리, #소곤소곤 대화 가능, #주말 독서·체험 프로그램","영유아를 위한 마루·좌식 공간 및 전용 자료실 운영, 소곤소곤 대화 가능하며 주말 독서·체험 프로그램 활발 (주차공간은 매우 협소)."
대방어린이도서관,서울 동작구,"#영유아 전용 자료실 분리, #소곤소곤 대화 가능, #주말 독서·체험 프로그램","어린이/유아 전용 공간 분리, 소곤소곤 책 읽어주기 가능하며 주말 프로그램 및 문화 행사가 편성됨."
느티나무어린이도서관,경기 용인시,"#신발벗는 온돌·마루방, #영유아 전용 자료실 분리, #소곤소곤 대화 가능, #주말 독서·체험 프로그램","지하 1층 '뜰 아래' 등 신발을 벗고 이용하는 아늑한 좌식·마루 공간과 영유아 그림책 특화, 소곤소곤 대화 환영 및 주말 프로그램 운영."
이문어린이도서관,서울 동대문구,"#영유아 전용 자료실 분리, #소곤소곤 대화 가능, #주말 독서·체험 프로그램","어린이·유아 자료실 분리 및 좌식/열람 공간 제공, 주말 독서 및 체험 프로그램 운영."
송파어린이영어도서관,서울 송파구,"#영유아 전용 자료실 분리, #소곤소곤 대화 가능, #주말 독서·체험 프로그램, #영어 그림책 전문",영어 그림책 및 영어 특화 프로그램에 전문화된 구립 도서관으로 영유아/어린이 공간 분리 및 주말 영어 프로그램 운영.
용암어린이영어도서관,서울 용산구,"#영유아 전용 자료실 분리, #주말 독서·체험 프로그램, #영어 그림책 전문","영어 원서 및 그림책 전문 장서 보유, 영어 독서 프로그램 및 영유아 공간 운영."
어린이청소년국학도서관,서울 종로구,"#영유아 전용 자료실 분리, #주말 독서·체험 프로그램","전통 국학 및 어린이/청소년 도서 특화, 영유아 공간 분리 및 주말 문화·체험 프로그램 운영."
장안어린이도서관,서울 동대문구,"#영유아 전용 자료실 분리, #소곤소곤 대화 가능, #주말 독서·체험 프로그램","어린이 및 유아 열람실 분리, 소곤소곤 대화 및 독서 환경 조성, 주말 어린이 프로그램 편성."
용두어린이영어도서관,서울 동대문구,"#영유아 전용 자료실 분리, #주말 독서·체험 프로그램, #영어 그림책 전문","영어 도서 및 영어 프로그램 특화 도서관, 어린이/유아 자료실 분리 및 주말 프로그램 운영."
동작영어마루도서관,서울 동작구,"#영유아 전용 자료실 분리, #주말 독서·체험 프로그램, #영어 그림책 전문","영어 도서 및 영어 프로그램 특화, 어린이 공간 분리 및 주말 체험 프로그램 운영."
아리랑어린이도서관,서울 성북구,"#신발벗는 온돌·마루방, #영유아 전용 자료실 분리, #소곤소곤 대화 가능, #주말 독서·체험 프로그램","유아를 위한 마루/온돌방 공간 및 전용 자료실 운영, 소곤소곤 대화 가능 및 주말 어린이·유아 체험 프로그램 제공."
구로구립궁동어린이도서관,서울 구로구,"#영유아 전용 자료실 분리, #소곤소곤 대화 가능, #주말 독서·체험 프로그램","어린이 및 유아 자료실 분리, 소곤소곤 책 읽어주기 허용, 주말 독서·문화 프로그램 운영."
남가좌새롬어린이도서관,서울 서대문구,"#영유아 전용 자료실 분리, #소곤소곤 대화 가능, #주말 독서·체험 프로그램","어린이 및 영유아 공간 분리, 소곤소곤 대화 가능 환경 및 주말 독서 프로그램 운영."
곡성어린이도서관,전남 곡성군,"#신발벗는 온돌·마루방, #영유아 전용 자료실 분리, #소곤소곤 대화 가능, #주말 독서·체험 프로그램, #주차 편리 (또는 주차 가능)","영유아 유아방(온돌마루) 보유, 어린이 자료실 분리, 소곤소곤 대화 가능 및 주말 프로그램 활발, 넓은 주차 공간 보유."
바른샘어린이도서관,경기 수원시,"#신발벗는 온돌·마루방, #영유아 전용 자료실 분리, #소곤소곤 대화 가능, #주말 독서·체험 프로그램","어린이 및 영유아 전용 공간 분리, 신발을 벗고 이용하는 유아방/마루 공간 제공, 소곤소곤 독서 지도 및 주말 프로그램 운영."
고양시립 주엽어린이도서관,경기 고양시,"#신발벗는 온돌·마루방, #영유아 전용 자료실 분리, #소곤소곤 대화 가능, #주말 독서·체험 프로그램","어린이/유아 자료실 분리, 영유아를 위한 온돌·마루 좌식 공간 마련, 소곤소곤 대화 가능 및 풍부한 주말 독서·문화 프로그램 운영."
양천구영어특성화도서관,서울 양천구,"#영유아 전용 자료실 분리, #주말 독서·체험 프로그램, #영어 그림책 전문","영어 원서 및 영어 그림책 특화 도서관, 어린이/유아 공간 분리 및 주말 영어 체험 프로그램 운영."
슬기샘어린이도서관,경기 수원시,"#신발벗는 온돌·마루방, #영유아 전용 자료실 분리, #소곤소곤 대화 가능, #주말 독서·체험 프로그램","영유아 전용 마루방/좌식 공간 운영, 어린이 자료실 분리, 소곤소곤 책 읽어주기 허용 및 주말 독서·체험 프로그램 제공."
지혜샘어린이도서관,경기 수원시,"#신발벗는 온돌·마루방, #영유아 전용 자료실 분리, #소곤소곤 대화 가능, #주말 독서·체험 프로그램","어린이·유아 자료실 분리 및 신발 벗고 이용하는 온돌·마루 공간 조성, 소곤소곤 대화 가능, 주말 어린이 프로그램 운영."
서구어린이도서관,인천 서구 (또는 대구 서구 등),"#영유아 전용 자료실 분리, #소곤소곤 대화 가능, #주말 독서·체험 프로그램","어린이 및 유아 열람 공간 분리, 소곤소곤 대화가 가능한 독서 환경 및 주말 어린이 프로그램 운영."
도모헌 들락날락 어린이도서관,부산,"#신발벗는 온돌·마루방, #영유아 전용 자료실 분리, #소곤소곤 대화 가능, #주말 독서·체험 프로그램","복합문화공간 내 영유아/어린이 전용 공간 및 온돌·마루 형태의 친화적 좌식 공간, 디지털/체험형 주말 프로그램 운영."
김포만화도서관,경기 김포시,"#만화·웹툰 특화, #주말 독서·체험 프로그램","만화책과 웹툰 전용 서가 및 특화 공간을 갖춘 도서관, 관련 주말 체험 프로그램 운영."
생각자람어린이도서관,경기 등,"#영유아 전용 자료실 분리, #소곤소곤 대화 가능, #주말 독서·체험 프로그램","어린이 및 유아 전용 공간 분리, 소곤소곤 책 읽어주기 가능하며 주말 독서 및 체험 프로그램 운영."
고양시립 행신어린이도서관,경기 고양시,"#신발벗는 온돌·마루방, #영유아 전용 자료실 분리, #소곤소곤 대화 가능, #주말 독서·체험 프로그램","영유아 전용 자료실 및 온돌/마루방 공간 조성, 소곤소곤 대화 가능, 주말 독서 및 문화 프로그램 운영."
북구어린이도서관,광주 북구 / 대구 북구 등,"#영유아 전용 자료실 분리, #소곤소곤 대화 가능, #주말 독서·체험 프로그램","어린이·유아 자료실 분리 운영, 소곤소곤 대화 가능 환경, 주말 어린이 독서 및 체험 프로그램 편성."
서구어린이생태학습도서관,인천 서구,"#영유아 전용 자료실 분리, #소곤소곤 대화 가능, #주말 독서·체험 프로그램","생태 특화 도서관으로 어린이/유아 공간 분리, 생태 관련 주말 독서 및 체험 프로그램 운영, 소곤소곤 대화 가능."
양산시립어린이영어도서관,경남 양산시,"#영유아 전용 자료실 분리, #주말 독서·체험 프로그램, #영어 그림책 전문","영어 그림책 및 원서 전문 소장, 어린이/유아 자료실 분리 및 주말 영어 프로그램 운영."
화성시립 둥지나래어린이도서관,경기 화성시,"#신발벗는 온돌·마루방, #영유아 전용 자료실 분리, #소곤소곤 대화 가능, #주말 독서·체험 프로그램","영유아를 위한 온돌·마루 형태의 아늑한 유아방 및 전용 자료실 분리, 소곤소곤 대화 허용, 주말 독서·체험 프로그램 운영."
남원시어린이청소년도서관,전북 남원시,"#영유아 전용 자료실 분리, #소곤소곤 대화 가능, #주말 독서·체험 프로그램","어린이 및 영유아 전용 공간 분리, 소곤소곤 대화 가능한 독서 환경, 주말 문화·체험 프로그램 운영."
판교어린이도서관,경기 성남시,"#영유아 전용 자료실 분리, #소곤소곤 대화 가능, #주말 독서·체험 프로그램, #주차 편리 (또는 주차 가능)","어린이/유아 자료실 분리, 소곤소곤 대화 가능, 주말 독서 및 체험 프로그램 활발, 자체 주차장 구비."
의정부영어도서관,경기 의정부시,"#영유아 전용 자료실 분리, #주말 독서·체험 프로그램, #영어 그림책 전문","영어 도서 및 영어 그림책 특화 도서관, 영유아/어린이 공간 분리 및 주말 영어 독서·체험 프로그램 운영."
서구영어도서관,인천 서구 등,"#영유아 전용 자료실 분리, #주말 독서·체험 프로그램, #영어 그림책 전문","영어 특화 도서관으로 영어 그림책 및 프로그램 운영, 어린이/유아 공간 분리 및 주말 프로그램 제공."
양산시립영어도서관,경남 양산시,"#영유아 전용 자료실 분리, #주말 독서·체험 프로그램, #영어 그림책 전문","영어 그림책 및 영어 원서 특화 도서관, 영유아 및 어린이 전용 자료실 분리 운영, 주말 영어 독서 및 체험 프로그램 제공."
서구 어린이영어도서관,인천 서구,"#영유아 전용 자료실 분리, #주말 독서·체험 프로그램, #영어 그림책 전문","영어 원서 및 그림책 특화 공간, 어린이/유아 자료실 분리, 주말 영어 체험 및 독서 프로그램 운영."
화성시립 두빛나래어린이도서관,경기 화성시,"#신발벗는 온돌·마루방, #영유아 전용 자료실 분리, #소곤소곤 대화 가능, #주말 독서·체험 프로그램","영유아를 위한 온돌·마루방 좌식 공간 마련, 어린이 자료실 분리, 소곤소곤 대화 허용 및 주말 독서·체험 프로그램 운영."
고양시립 화정어린이도서관,경기 고양시,"#신발벗는 온돌·마루방, #영유아 전용 자료실 분리, #소곤소곤 대화 가능, #주말 독서·체험 프로그램","어린이/유아 자료실 분리, 유아를 위한 온돌 마루방 공간 조성, 소곤소곤 대화 가능하며 주말 독서·체험 프로그램 운영."
대구도서관,대구광역시,"#주말 독서·체험 프로그램, #주차 편리 (또는 주차 가능)",대규모 공공도서관으로 주말 독서·문화 프로그램 및 자체 주차장 보유 (어린이 전용 특화공간은 종합시설 내 일부 포함).
증평창의파크,충북 증평군,"#신발벗는 온돌·마루방, #주말 독서·체험 프로그램, #주차 편리 (또는 주차 가능)","어린이·가족 중심 복합문화공간으로 신발 벗고 이용하는 온돌·마루 휴게/놀이 공간 및 주말 체험 프로그램, 편리한 주차 시설 제공."
노을이아름다운하단복합센터,부산 사하구,"#신발벗는 온돌·마루방, #영유아 전용 자료실 분리, #주말 독서·체험 프로그램","어린이·유아 복합문화공간 및 도서관 시설로 좌식 온돌 마루방과 유아 공간 분리, 주말 프로그램 운영."
결초보은문화누리관,충북 보은군,"#주말 독서·체험 프로그램, #주차 편리 (또는 주차 가능)",문화 및 도서 시설을 갖춘 누리관으로 주말 문화 체험 프로그램 및 주차 편리성 제공.
단원어린이도서관,경기 안산시,"#신발벗는 온돌·마루방, #영유아 전용 자료실 분리, #소곤소곤 대화 가능, #주말 독서·체험 프로그램","어린이 및 영유아 전용 자료실 분리, 온돌 마루 형태의 유아실 제공, 소곤소곤 대화 가능 및 주말 독서·체험 프로그램 운영."
화전어린이도서관,경기 고양시,"#신발벗는 온돌·마루방, #영유아 전용 자료실 분리, #소곤소곤 대화 가능, #주말 독서·체험 프로그램","어린이/유아 전용 공간 분리, 좌식 온돌 마루방 운영, 소곤소곤 대화 가능 및 주말 어린이 프로그램 운영."
부산도서관,부산 사상구,"#영유아 전용 자료실 분리, #주말 독서·체험 프로그램, #주차 편리 (또는 주차 가능)","어린이실 및 영유아 자료실 분리 운영, 대규모 주차장 및 주말 독서문화 프로그램 구비."
월평도서관,대전 서구 / 울산 남구 등,"#영유아 전용 자료실 분리, #소곤소곤 대화 가능, #주말 독서·체험 프로그램","어린이 및 유아 자료실 분리, 소곤소곤 대화 가능한 유아 구역 및 주말 독서 프로그램 운영."
경북도서관,경북 안동시,"#영유아 전용 자료실 분리, #주말 독서·체험 프로그램, #주차 편리 (또는 주차 가능)","어린이/유아 자료실 별도 운영, 넓은 주차 공간 및 주말 가족·어린이 독서 문화 프로그램 풍부."
서구립 원고개도서관,대구 서구,"#영유아 전용 자료실 분리, #소곤소곤 대화 가능, #주말 독서·체험 프로그램","어린이 및 영유아 전용 공간 분리, 소곤소곤 독서 지도 가능, 주말 독서·체험 프로그램 운영."
율정마을 작은도서관,경기 양주시,"#신발벗는 온돌·마루방, #소곤소곤 대화 가능, #주말 독서·체험 프로그램","주민 친화적 작은도서관으로 신발 벗고 이용하는 온돌·마루 좌식 공간, 소곤소곤 대화 및 소규모 주말 프로그램 운영."
죽정도서관,전남 완도군 등,#주말 독서·체험 프로그램,지역 공공도서관으로 주말 독서 및 문화 프로그램 운영.
군산시립늘푸른도서관,전북 군산시,"#영유아 전용 자료실 분리, #소곤소곤 대화 가능, #주말 독서·체험 프로그램","어린이 및 유아 자료실 분리, 소곤소곤 대화 허용 및 주말 독서·체험 프로그램 활발히 운영."
성남시중원어린이도서관,경기 성남시,"#신발벗는 온돌·마루방, #영유아 전용 자료실 분리, #소곤소곤 대화 가능, #주말 독서·체험 프로그램, #주차 편리 (또는 주차 가능)","어린이 전문 도서관으로 온돌·마루 유아방, 어린이/유아 자료실 완벽 분리, 소곤소곤 대화 가능, 주말 어린이 프로그램 및 주차장 구비."
달빛나래어린이도서관,강원 원주시 등,"#신발벗는 온돌·마루방, #영유아 전용 자료실 분리, #소곤소곤 대화 가능, #주말 독서·체험 프로그램","어린이·유아 전용 공간 및 온돌 마루방 조성, 소곤소곤 대화 가능, 주말 독서 및 체험 프로그램 운영."
화천어린이도서관,강원 화천군,"#신발벗는 온돌·마루방, #영유아 전용 자료실 분리, #소곤소곤 대화 가능, #주말 독서·체험 프로그램","어린이 및 영유아 전용 자료실 분리, 신발 벗고 이용하는 온돌 마루방, 소곤소곤 대화 허용 및 주말 독서·체험 프로그램 운영."
월계어린이도서관,서울 노원구,"#영유아 전용 자료실 분리, #소곤소곤 대화 가능, #주말 독서·체험 프로그램","어린이 및 영유아 전용 자료실 분리 운영, 소곤소곤 대화 가능한 유아 독서 공간, 주말 어린이 독서 및 체험 프로그램 제공."
정관에듀파크어린이도서관,부산 기장군,"#영유아 전용 자료실 분리, #주말 독서·체험 프로그램, #주차 편리 (또는 주차 가능)","에듀파크 내 어린이 도서관으로 영유아/어린이 자료실 분리, 주말 독서·체험 프로그램 운영 및 주차 시설 구비."
한국만화도서관,경기 부천시,"#만화·웹툰 특화, #주말 독서·체험 프로그램, #주차 편리 (또는 주차 가능)","한국만화영상진흥원 내 위치하여 국내 최대 규모 만화/웹툰 전문 장서 및 서가 특화, 주말 프로그램 및 주차 공간 보유."
이천시립어린이도서관,경기 이천시,"#신발벗는 온돌·마루방, #영유아 전용 자료실 분리, #소곤소곤 대화 가능, #주말 독서·체험 프로그램","영유아를 위한 온돌·마루방 좌식 공간 및 전용 자료실 운영, 소곤소곤 책 읽어주기 허용, 주말 어린이 독서·체험 프로그램 운영."
반달어린이도서관,경기 화성시 등,"#신발벗는 온돌·마루방, #영유아 전용 자료실 분리, #소곤소곤 대화 가능, #주말 독서·체험 프로그램","어린이 및 영유아 자료실 분리, 신발 벗고 이용하는 온돌 마루방 제공, 소곤소곤 대화 가능 및 주말 프로그램 운영."
화홍어린이도서관,경기 수원시,"#신발벗는 온돌·마루방, #영유아 전용 자료실 분리, #소곤소곤 대화 가능, #주말 독서·체험 프로그램","수원시 도서관으로 영유아 전용 마루방/좌식 공간 및 자료실 분리, 소곤소곤 대화 가능, 주말 독서·체험 프로그램 운영."
명촌어린이도서관,울산 북구,"#신발벗는 온돌·마루방, #영유아 전용 자료실 분리, #소곤소곤 대화 가능, #주말 독서·체험 프로그램","영유아 전용 자료실 및 온돌 마루방 조성, 소곤소곤 대화 가능하며 주말 어린이 독서 및 체험 프로그램 운영."
옥현어린이도서관,울산 남구,"#신발벗는 온돌·마루방, #영유아 전용 자료실 분리, #소곤소곤 대화 가능, #주말 독서·체험 프로그램","어린이 및 영유아 자료실 분리, 온돌·마루 형태의 아늑한 유아방 보유, 소곤소곤 대화 허용 및 주말 문화·체험 프로그램 운영."
