도서관 명칭,주소,부여된 뱃지 리스트,판단 근거 요약
느티나무어린이도서관,서울특별시 중구 다산로 75,"#신발벗는 온돌·마루방, #영유아 전용 자료실 분리, #소곤소곤 대화 가능, #주말 독서·체험 프로그램","신발을 벗고 이용하는 온돌·마루 유아방/좌식 공간 구비, 영유아 전용 자료실 분리, 소곤소곤 책 읽어주기 가능 및 주말 독서·체험 프로그램 운영."
서구 어린이영어도서관,대구광역시 서구 문화로 160,"#영유아 전용 자료실 분리, #주말 독서·체험 프로그램, #영어 그림책 전문","영어 그림책 및 원서 특화 도서관, 영유아 및 어린이 전용 자료실 분리 운영, 주말 영어 독서 및 체험 프로그램 제공."
동구어린이영어도서관,부산광역시 동구 수성로 21 (수정동) 동구어린이영어도서관,"#영유아 전용 자료실 분리, #주말 독서·체험 프로그램, #영어 그림책 전문","영어 도서 및 영어 그림책 특화 장서 소장, 어린이/유아 자료실 분리 및 주말 영어 프로그램 운영."
생각자람어린이도서관,강원특별자치도 원주시 시청로 160-9 (무실동),"#영유아 전용 자료실 분리, #소곤소곤 대화 가능, #주말 독서·체험 프로그램","어린이 및 유아 전용 공간 분리, 소곤소곤 대화 가능한 독서 환경 조성, 주말 어린이 독서 및 체험 프로그램 운영."
서구영어도서관,대구광역시 서구 평리로35길 90-6,"#영유아 전용 자료실 분리, #주말 독서·체험 프로그램, #영어 그림책 전문","영어 특화 도서관으로 영어 그림책 및 프로그램 운영, 어린이/유아 공간 분리 및 주말 영어 프로그램 제공."
어린이생태학습도서관,광주광역시 서구 풍암공원로 8,"#신발벗는 온돌·마루방, #영유아 전용 자료실 분리, #소곤소곤 대화 가능, #주말 독서·체험 프로그램","생태 특화 및 영유아 좌식 온돌 마루방 구비, 어린이/유아 자료실 분리, 소곤소곤 대화 허용 및 주말 생태·독서 프로그램 운영."
군포시 어린이도서관,경기도 군포시 고산로677번길 21 (산본동),"#신발벗는 온돌·마루방, #영유아 전용 자료실 분리, #소곤소곤 대화 가능, #주말 독서·체험 프로그램","어린이 및 영유아 전용 자료실 분리, 온돌·마루 형태 유아방 제공, 소곤소곤 대화 가능, 주말 어린이 프로그램 운영."
죽정도서관,충청남도 보령시 체육관길 17 (죽정동),#주말 독서·체험 프로그램,지역 공공도서관으로 주말 독서 및 문화 프로그램 운영.
달빛나래어린이도서관,경기도 화성시 영통로60번길 15 (반월동) 달빛나래어린이도서관,"#신발벗는 온돌·마루방, #영유아 전용 자료실 분리, #소곤소곤 대화 가능, #주말 독서·체험 프로그램","어린이 및 영유아 전용 자료실 분리, 신발 벗고 이용하는 온돌 마루방 조성, 소곤소곤 대화 허용 및 주말 프로그램 운영."
비봉어린이도서관,경상남도 진주시 향교로 86 (옥봉동) 비봉어린이도서관,"#신발벗는 온돌·마루방, #영유아 전용 자료실 분리, #소곤소곤 대화 가능, #주말 독서·체험 프로그램","어린이 및 영유아 전용 공간 분리, 온돌 마루방 운영, 소곤소곤 대화 가능하며 주말 독서·체험 프로그램 제공."
꿈키어린이도서관,부산광역시 동래구 중앙대로 1276 (사직동) 꿈키어린이도서관,"#영유아 전용 자료실 분리, #소곤소곤 대화 가능, #주말 독서·체험 프로그램","어린이 및 영유아 전용 자료실 분리 운영, 소곤소곤 대화 가능 환경 및 주말 어린이 독서·체험 프로그램 운영."
이랑어린이도서관,인천광역시 미추홀구 미추홀대로578번길 7 (주안동) 이랑어린이도서관,"#신발벗는 온돌·마루방, #영유아 전용 자료실 분리, #소곤소곤 대화 가능, #주말 독서·체험 프로그램","어린이 및 영유아 전용 자료실 분리, 좌식 온돌 마루방 구비, 소곤소곤 책 읽어주기 허용 및 주말 프로그램 운영."
서구어린이도서관,대전광역시 서구 정림동로 25 (정림동) 서구어린이도서관,"#영유아 전용 자료실 분리, #소곤소곤 대화 가능, #주말 독서·체험 프로그램","어린이 및 유아 열람 공간 분리, 소곤소곤 대화 가능한 독서 환경 및 주말 어린이 프로그램 운영."
산성어린이도서관,대전광역시 중구 산서로62번길 53 (사정동) 산성어린이도서관,"#신발벗는 온돌·마루방, #영유아 전용 자료실 분리, #소곤소곤 대화 가능, #주말 독서·체험 프로그램","어린이 및 영유아 자료실 분리, 온돌·마루 유아방 제공, 소곤소곤 대화 가능 및 주말 독서·체험 프로그램 운영."
서울특별시교육청 어린이도서관,서울특별시 종로구 사직로 89 (사직동),"#신발벗는 온돌·마루방, #영유아 전용 자료실 분리, #소곤소곤 대화 가능, #주말 독서·체험 프로그램","역사 깊은 어린이 전문 도서관으로 온돌 마루 유아방, 어린이/유아 자료실 분리, 소곤소곤 대화 가능, 주말 독서·문화 프로그램 운영."
꿈꾸는어린이도서관,서울특별시 강서구 공항대로 615 (염창동) 강서꿈꾸는어린이도서관,"#신발벗는 온돌·마루방, #영유아 전용 자료실 분리, #소곤소곤 대화 가능, #주말 독서·체험 프로그램","어린이 및 영유아 자료실 분리, 신발 벗고 이용하는 온돌 마루방 조성, 소곤소곤 대화 허용 및 주말 프로그램 운영."
별똥별어린이도서관,인천광역시 계양구 봉오대로 510 (효성동) 도시재생어울림센터 5층 별똥별어린이도서관,"#영유아 전용 자료실 분리, #소곤소곤 대화 가능, #주말 독서·체험 프로그램","도시재생어울림센터 내 어린이 및 유아 자료실 분리, 소곤소곤 대화 가능하며 주말 독서 및 체험 프로그램 운영."
글마루한옥어린이도서관,"서울특별시 구로구 경인로 318-15 (개봉동) 2층, 3층 개봉어린이도서관","#신발벗는 온돌·마루방, #영유아 전용 자료실 분리, #소곤소곤 대화 가능, #주말 독서·체험 프로그램","한옥 구조의 온돌 마루방(신발 벗고 이용), 영유아 전용 공간 분리, 소곤소곤 대화 가능, 주말 한옥·독서 체험 프로그램 운영."
화전어린이도서관,경남 남해군 남해읍 망운로30번길 12,"#신발벗는 온돌·마루방, #영유아 전용 자료실 분리, #소곤소곤 대화 가능, #주말 독서·체험 프로그램","어린이 및 유아 전용 자료실 분리, 온돌·마루 유아방 구비, 소곤소곤 대화 허용 및 주말 어린이 프로그램 운영."
구로 꿈나무어린이도서관,서울 구로구 구로동로26길 54 구로구시설관리공단 2층,"#신발벗는 온돌·마루방, #영유아 전용 자료실 분리, #소곤소곤 대화 가능, #주말 독서·체험 프로그램",유아열람실이 온돌·마루 형태의 영유아 친화적 공간으로 조성되어 있으며 일반 공간과 분리됨. 소곤소곤 대화 가능 및 주말 독서·체험 프로그램 운영.
