명칭,주소
부천자연생태박물관,경기도 부천시 길주로 660
여주시립폰박물관,경기도 여주시 강변유원지길 105 폰박물관
양평곤충박물관,경기도 양평군 옥천면 경강로 1496
시흥오이도박물관,경기도 시흥시 오이도로 332
삼성이노베이션뮤지엄,경기도 수원시 영통구 삼성로 129 (매탄동)
전북도립미술관 어린이놀이터,전라북도 완주군 구이면 모악산길 111-6
수원광교박물관,경기도 수원시 영통구 광교로 182
백제문화체험박물관,충청남도 청양군 대치면 장곡길 43-24
부천활박물관,경기도 부천시 소사로 482
양주시립회암사지박물관,경기도 양주시 회암사길 11
한국만화박물관,경기도 부천시 길주로 1
삼성화재 모빌리티 뮤지엄,경기도 용인시 처인구 포곡읍 에버랜드로 376번길 171
여주곤충박물관,경기도 여주시 명성로 114-146
전곡선사박물관,경기도 연천군 전곡읍 평화로 443번길 2
미호박물관,경기도 남양주시 고산로 126번길 15-2
고양로봇박물관,경기도 고양시 덕양구 원당로 458번길 7-42
제주특별자치도 돌문화공원 설문대할망전시관 어린이관,제주특별자치도 제주시 조천읍 남조로 2023
아해한국전통문화어린이박물관,경기도 과천시 추사로 133
보령석탄박물관,충청남도 보령시 성주면 성주산로 508
판교박물관,경기도 성남시 분당구 판교로 191
덕포진교육박물관,경기도 김포시 대곶면 덕포진로 103번길 90
철도박물관,경기도 의왕시 철도박물관로 142
고령어린이과학관 실내놀이시설,경북 고령군 대가야읍 신남로 81
피규어뮤지엄W,서울특별시 강남구 선릉로 158길 3
파주나비나라박물관,경기도 파주시 광인사길 161
한국민속촌 박물관,경기도 용인시 기흥구 민속촌로 90
한국은행 화폐박물관,서울특별시 중구 남대문로 39
증권박물관,경기도 고양시 일산동구 호수로 358-8
프라움악기박물관,경기도 남양주시 와부읍 경강로 756
한과문화박물관,경기도 포천시 영북면 산정호수로 322번길 26-9
왈츠와 닥터만 커피박물관,경기도 남양주 북한강로 856-37
경기도어린이박물관,경기 용인시 기흥구 상갈로 6
넥슨컴퓨터박물관,제주특별자치도 제주시 1100로 3198-8
한울본부 홍보전시관 어린이놀이시설 야외놀이터,경상북도 울진군 북면 울진북로 2040
성남시박물관,경기 성남시 수정구 희망로 475
애니메이션박물관,강원특별자치도 춘천시 서면 박사로 854
국립해양박물관,부산광역시 영도구 해양로301번길 45
수목원테마파크(아이스뮤지엄),제주특별자치도 제주시 은수길 69
한국항공대학교 항공우주박물관,경기도 고양시 덕양구 항공대학로 76
공룡화석지 어린이놀이시설4,전라남도 해남군 황산면 공룡박물관길 234
한국문화테마파크 한글문화촌 실내놀이시설,경상북도 영주시 순흥면 소백로 2806
벌집놀이터,경기 동두천시 평화로2910번길 46
김해목재문화박물관,경상남도 김해시 관동로27번길 5-49 (관동동)
1004 뮤지엄파크,전남광주통합특별시 신안군 자은서부2길 508-65
세계화석광물박물관,전남광주통합특별시 신안군 안좌면 대리길 18-20
양평곤충박물관,경기도 양평군 옥천면 경강로 1496
국립농업박물관,경기도 수원시 권선구 수인로 154 (서둔동)
춘천인형극박물관,강원특별자치도 춘천시 영서로 3017 춘천인형극장
국립낙동강 생물자원관 1층 재미있담 놀이터,경북 상주시 도남2길 137
한국초콜릿연구소 뮤지엄 곡성지점,전남광주통합특별시 곡성군 오곡면 기차마을로 232
순천곤충박물관,전남광주통합특별시 순천시 해룡면 비래길 95
국회 어린이박물관,서울 영등포구 의사당대로 1
태백석탄박물관,강원특별자치도 태백시 천제단길 195
영월Y파크(술샘박물관),강원특별자치도 영월군 주천면 송학주천로 1467-9
괴산 한지체험박물관,충청북도 괴산군 연풍면 원풍로 233
화진포 생태박물관,강원특별자치도 고성군 거진읍 화진포길 278
국립항공박물관,서울특별시 강서구 하늘길 177 (공항동)
정동진시간박물관,강원특별자치도 강릉시 강동면 헌화로 990-1
강아지숲 박물관,강원특별자치도 춘천시 충효로 437
고인돌 박물관 어린이놀이터,전북특별자치도 고창군 고창읍 고인돌공원길 74
철박물관,충청북도 음성군 감곡면 영산로 360
석장리박물관,충청남도 공주시 금벽로 990 (석장리동)
진천종박물관,충청북도 진천군 진천읍 백곡로 1504-12
국립김해박물관,경상남도 김해시 가야의길 190
국립나주박물관,전라남도 나주시 반남면 고분로 747
은산어울림생태박물관,경기도 오산시 서동로19번길 19 (벌음동)
울산 옹기박물관,울산광역시 울주군 온양읍 외고산3길 36
무주군 시설사업소 반디랜드 곤충박물관 VR영상관,"전북특별자치도 무주군 설천면 무설로 1324, 반디랜드"
해남공룡박물관,전남광주통합특별시 해남군 황산면 공룡박물관길 234
국립경찰박물관,서울특별시 종로구 송월길 162
국립한글박물관,서울특별시 용산구 서빙고로 139
세계조개박물관,전남광주통합특별시 신안군 자은면 자은서부2길 508-61
교과서박물관,세종특별자치시 연동면 청연로 492-14
백제왕궁박물관,전북특별자치도 익산시 왕궁면 궁성로 666
손성목영화박물관,강원특별자치도 강릉시 경포로 399
전통문화콘텐츠박물관,경상북도 안동시 서동문로 203 (동부동)
국립익산박물관,전북특별자치도 익산시 금마면 미륵사지로 362
국립나주박물관,전남광주통합특별시 나주시 반남면 고분로 747
국립과천과학관 유아체험관,경기도 과천시 상하벌로 110 (과천동)
둘리뮤지엄,서울특별시 도봉구 시루봉로 1길 6
뮤지엄헤이,경기도 파주시 탄현면 평화로 885-43
소싸움미디어체험관실내놀이터,경상북도 청도군 화양읍 남성현로 346
유리섬박물관,경기도 안산시 단원구 부흥로 254 (대부남동)
경기도어린이박물관,경기도 용인시 기흥구 상갈로 6 (상갈동)
여주곤충박물관,경기도 여주시 명성로 114-146 (능현동)
국립항공박물관,서울특별시 강서구 하늘길 177
서울공예박물관,서울특별시 종로구 율곡로 3길 4
문아트그라운드 뮤지엄,경기도 용인시 처인구 모현읍 문형동림로101번길 37
한과문화박물관 한가원,경기도 포천시 영북면 산정호수로322번길 26-9
부산과학관 어린이놀이터-1,부산 기장군 기장읍 석산리
강릉생태체험박물관 자연아놀자,강원특별자치도 강릉시 난설헌로 105
서울생활사박물관,서울특별시 노원구 동일로 174길 27
국립등대박물관,경상북도 포항시 남구 호미곶면 해맞이로150번길 20
수도박물관,서울특별시 성동구 왕십리로 27
송파책박물관,서울특별시 송파구 송파대로 37길 77
오산리선사유적박물관,강원특별자치도 양양군 손양면 학포길 33
부산과학관 어린이놀이터-3,부산광역시 기장군 기장읍 동부산관광6로 59
